FirstName,LastName
"John,",Doe
"Jane,",Smith
"Michael,",Johnson
"Emily,",Williams
"Christopher,",Brown
"Emma,",Jones
"Daniel,",Miller
"Olivia,",Davis
"Matthew,",Garcia
"Ava,",Rodriguez
"William,",Martinez
"Sophia,",Martinez
"Joseph,",Hernandez
"Isabella,",Lopez
"David,",Gonzalez
"Mia,Wilson",Anderson
"Andrew,",Anderson
"Sofia,",Thomas
"James,",Moore
"Abigail,",Jackson
"Elijah,",White
"Grace,",Harris
"Alexander,",Martin
"Avery,",Thompson
"Ella,",Gomez
"Benjamin,",Taylor
"Lily,",Anderson
"Jack,",Scott
"Scarlett,",Clark